CATEGORY,AVG_TOTAL_DAMAGE
0,11507512.422884936
1,47397199.35691319
2,137319444.44444445
3,347051612.9032258
4,1139130434.7826087
5,6000000000.0
